customer_id,age,tenure_months,monthly_charges,total_charges,num_products,is_active_member,churn
1,58,8,22.5,170.04,3,0,0
2,52,6,79.05,435.76,1,0,0
3,32,33,80.2,2498.62,2,1,0
4,18,49,100.58,4709.47,4,1,0
5,31,49,53.66,2417.27,1,1,0
6,69,3,92.97,255.41,1,1,0
7,36,54,82.86,4657.51,3,0,0
8,36,6,105.53,605.06,1,1,1
9,58,54,56.48,2872.72,3,1,0
10,59,5,80.91,377.32,2,0,1
11,42,18,118.95,2287.92,2,1,1
12,20,52,51.55,2525.65,3,0,0
13,54,57,91.79,5122.82,2,1,0
14,34,9,44.66,433.92,3,1,0
15,43,24,41.93,923.98,2,1,0
16,58,11,99.21,1066.16,4,0,1
17,56,30,72.91,2266.79,1,0,0
18,59,22,31.16,679.18,4,0,0
19,64,57,91.97,5630.76,2,0,0
20,56,13,35.28,467.72,2,0,1
21,49,2,31.19,59.13,3,1,0
22,23,6,93.19,517.58,1,0,1
23,48,36,36.51,1427.11,4,0,0
24,63,20,59.9,1293.75,3,1,0
25,46,8,44.79,324.0,1,1,0
26,18,5,90.78,414.63,1,0,1
27,20,56,53.04,3070.62,2,1,0
28,54,37,67.27,2334.88,4,1,0
29,24,43,63.11,2695.83,4,1,0
30,59,7,26.06,173.25,3,0,0
31,30,35,64.86,2169.56,4,0,0
32,46,52,106.13,5686.69,1,0,1
33,52,54,21.48,1082.51,1,0,0
34,43,58,25.86,1645.46,4,0,0
35,34,60,98.41,5813.68,4,1,1
36,53,43,91.84,3788.55,2,0,0
37,21,38,93.57,3240.75,1,1,0
38,51,11,25.69,258.2,1,0,0
39,22,44,106.18,5084.54,4,0,0
40,20,40,28.2,1061.28,3,1,0
41,63,21,43.87,952.9,4,0,0
42,66,60,27.25,1495.46,4,0,0
43,31,33,46.52,1651.61,3,0,0
44,52,46,50.25,2511.1,1,1,0
45,24,57,33.43,1997.9,1,0,0
46,31,46,54.29,2373.03,3,1,0
47,21,6,83.43,450.88,3,0,1
48,34,11,94.12,954.95,4,0,0
49,62,58,34.91,2058.19,1,1,0
50,37,24,109.9,2484.66,1,1,1
51,33,43,30.28,1412.91,4,0,0
52,69,52,37.71,1835.17,4,0,0
53,39,51,113.08,5373.99,2,1,0
54,20,55,67.07,3577.93,2,1,0
55,70,51,107.13,5638.5,2,0,0
56,22,50,47.91,2605.94,4,1,0
57,25,57,117.04,6055.2,2,1,0
58,68,21,63.64,1443.22,1,1,0
59,30,17,24.44,417.14,4,0,0
60,65,48,87.06,3819.47,3,1,0
61,60,59,53.02,3265.67,3,0,0
62,44,21,60.24,1187.07,3,0,1
63,60,25,87.73,2152.05,2,1,1
64,31,28,98.58,2728.1,3,1,0
65,61,14,71.12,952.62,2,0,0
66,23,53,115.2,5769.35,2,1,0
67,30,10,22.44,229.39,2,1,0
68,58,37,39.44,1429.99,4,1,0
69,27,42,88.76,3518.29,1,1,0
70,47,4,75.74,280.74,1,1,0
71,47,43,73.11,3214.56,3,1,0
72,53,29,109.72,3028.64,4,1,0
73,33,54,83.77,4319.65,4,0,0
74,35,22,51.97,1063.5,1,0,1
75,42,45,35.28,1560.57,2,0,0
76,21,14,103.29,1549.23,4,0,1
77,66,37,58.04,2060.98,1,1,0
78,44,35,94.75,3130.16,2,1,1
79,45,32,22.9,765.66,3,1,0
80,57,35,22.7,728.39,4,0,0
